day,orders,gross_sales,discounts,returns,net_sales,shipping,taxes,total_sales
2017-03-01,341,12721.000,-398.200,-46.500,12276.300,1349.960,18.590,13644.850
2017-03-02,324,11998.000,-359.700,-225.550,11412.750,1018.580,21.150,12452.480
2017-03-03,304,11612.000,-392.000,-78.000,11142.000,949.340,37.760,12129.100
2017-03-04,298,10485.000,-309.250,0.000,10175.750,975.000,25.640,11176.390
2017-03-05,343,13220.000,-344.250,-237.000,12638.750,1375.790,23.680,14038.220
2017-03-06,322,12299.000,-478.250,-460.000,11360.750,1119.660,54.050,12534.460
2017-03-07,413,16007.000,-985.450,-163.000,14858.550,1349.220,66.910,16274.680
2017-03-08,397,15307.000,-934.100,-30.000,14342.900,1327.550,360.420,16030.870
2017-03-09,443,18026.000,-2060.750,-349.220,15616.030,1355.350,399.170,17370.550
2017-03-10,350,12523.000,-883.300,-359.660,11280.040,1024.340,203.630,12508.010
2017-03-11,310,11590.000,-368.550,0.000,11221.450,1047.800,71.650,12340.900
2017-03-12,278,10149.000,-261.150,-42.000,9845.850,927.710,44.080,10817.640
2017-03-13,272,11051.000,-378.900,-108.200,10563.900,952.530,109.330,11625.760
2017-03-14,375,13662.000,-521.500,-275.000,12865.500,1112.200,109.690,14087.390
2017-03-15,298,11612.000,-305.100,-153.000,11153.900,1017.560,68.180,12239.640
2017-03-16,289,9947.000,-214.250,-102.000,9630.750,1083.530,34.290,10748.570
2017-03-17,277,10494.000,-290.950,-446.900,9756.150,1066.510,30.670,10853.330
2017-03-18,216,8135.000,-166.500,-52.000,7916.500,848.900,73.380,8838.780
2017-03-19,310,10680.000,-245.950,-110.000,10324.050,1039.890,49.240,11413.180
2017-03-20,262,9159.000,-219.100,-129.000,8810.900,779.590,34.270,9624.760
2017-03-21,311,11832.000,-382.950,-215.000,11234.050,1009.740,59.350,12303.140
2017-03-22,581,20067.000,-1065.900,-41.600,18959.500,2000.930,133.920,21094.350
2017-03-23,436,14937.000,-394.600,-200.500,14341.900,1578.470,43.160,15963.530
2017-03-24,387,14875.000,-417.200,-74.400,14383.400,1427.490,51.270,15862.160
2017-03-25,374,13155.000,-250.850,0.000,12904.150,1419.520,75.350,14399.020
2017-03-26,352,12915.000,-264.350,-19.000,12631.650,1225.500,95.080,13952.230
2017-03-27,458,16579.000,-388.050,-338.740,15852.210,1561.570,82.350,17496.130
2017-03-28,406,15501.000,-592.000,-177.300,14731.700,1405.840,59.660,16197.200
2017-03-29,316,13274.000,-307.800,-430.150,12536.050,1116.580,41.880,13694.510
2017-03-30,331,12324.000,-316.000,-136.430,11871.570,1088.170,46.940,13006.680
2017-03-31,332,13217.000,-349.950,-60.000,12807.050,1084.930,66.710,13958.690
2017-04-01,343,12630.000,-338.500,0.000,12291.500,1120.310,65.970,13477.780
2017-04-02,362,15420.000,-311.700,-193.000,14915.300,1358.680,79.300,16353.280
2017-04-03,342,12562.000,-389.100,-241.250,11931.650,1333.460,31.530,13296.640
2017-04-04,485,17301.000,-908.300,-343.700,16049.000,1682.480,12.110,17743.590
2017-04-05,340,12742.000,-455.550,-511.240,11775.210,1205.600,35.470,13016.280
2017-04-06,331,12480.000,-354.450,-557.000,11568.550,1015.440,71.530,12655.520
2017-04-07,333,12290.000,-333.250,-158.700,11798.050,1126.410,33.360,12957.820
2017-04-08,308,12516.000,-278.800,0.000,12237.200,1199.640,14.890,13451.730
2017-04-09,308,11238.000,-197.750,-36.800,11003.450,1133.080,71.920,12208.450
2017-04-10,323,11954.000,-386.950,-114.000,11453.050,1204.700,59.070,12716.820
2017-04-11,379,13287.000,-423.550,-263.000,12600.450,1340.020,49.270,13989.740
2017-04-12,304,11057.000,-442.600,-324.000,10290.400,1062.520,70.340,11423.260
2017-04-13,298,12000.000,-351.000,-356.000,11293.000,1013.810,43.120,12349.930
2017-04-14,362,12867.000,-869.050,0.000,11997.950,1210.590,78.870,13287.410
2017-04-15,295,11524.000,-396.500,-108.200,11019.300,808.360,58.050,11885.710
2017-04-16,292,10328.000,-259.250,0.000,10068.750,884.950,23.140,10976.840
2017-04-17,314,11345.000,-333.850,-259.150,10752.000,959.910,11.530,11723.440
2017-04-18,328,11636.000,-318.550,-225.050,11092.400,1028.210,58.900,12179.510
2017-04-19,338,13162.000,-345.750,-444.100,12372.150,1076.680,46.890,13495.720
2017-04-20,570,22741.000,-2215.350,-748.720,19776.930,1723.720,113.190,21613.840
2017-04-21,430,16814.000,-747.600,-81.200,15985.200,1139.800,46.930,17171.930
2017-04-22,335,13192.000,-344.950,-102.650,12744.400,894.350,23.490,13662.240
2017-04-23,398,14655.000,-243.050,0.000,14411.950,1136.320,77.810,15626.080
2017-04-24,403,15418.000,-479.300,-219.000,14719.700,1153.400,45.910,15919.010
2017-04-25,378,13943.000,-526.450,-101.000,13315.550,1236.720,71.240,14623.510
2017-04-26,361,13364.000,-865.400,-95.600,12403.000,1161.450,68.240,13632.690
2017-04-27,382,14571.000,-559.750,-296.300,13714.950,1180.970,55.120,14951.040
2017-04-28,309,11901.000,-319.550,-228.000,11353.450,955.730,38.880,12348.060
2017-04-29,378,14524.000,-511.800,-103.000,13909.200,1166.940,30.590,15106.730
2017-04-30,367,14329.000,-514.550,0.000,13814.450,1095.860,40.520,14950.830
2017-05-01,363,12066.000,-269.500,-261.350,11535.150,1279.860,35.360,12850.370
2017-05-02,334,12590.000,-328.800,-185.000,12076.200,1232.930,14.840,13323.970
2017-05-03,328,12866.000,-517.250,-82.400,12266.350,1018.400,49.330,13334.080
2017-05-04,321,14243.000,-378.850,-171.100,13693.050,1085.410,70.630,14849.090
2017-05-05,265,9677.000,-288.200,-101.000,9287.800,866.930,88.060,10242.790
2017-05-06,240,9099.000,-172.500,-138.000,8788.500,760.770,13.110,9562.380
2017-05-07,251,9849.000,-322.050,-91.000,9435.950,850.830,35.710,10322.490
2017-05-08,302,11010.000,-241.350,-144.000,10624.650,1034.850,92.610,11752.110
2017-05-09,370,13965.000,-592.350,-256.800,13115.850,1321.640,24.890,14462.380
2017-05-10,269,9901.000,-297.350,-128.000,9475.650,986.540,45.110,10507.300
2017-05-11,294,11038.000,-269.150,-82.000,10686.850,1033.880,57.140,11777.870
2017-05-12,241,8492.000,-276.100,-86.000,8129.900,787.520,27.310,8944.730
2017-05-13,240,9584.000,-252.950,0.000,9331.050,835.240,48.770,10215.060
2017-05-14,261,10974.000,-253.200,-145.000,10575.800,981.210,27.590,11584.600
2017-05-15,277,10927.000,-277.250,-191.000,10458.750,998.780,53.800,11511.330
2017-05-16,241,8625.000,-253.750,-248.850,8122.400,1011.320,14.190,9147.910
2017-05-17,354,13111.000,-443.350,-192.000,12475.650,1135.490,70.620,13681.760
2017-05-18,304,11297.000,-317.750,-158.000,10821.250,1090.270,50.350,11961.870
2017-05-19,247,9325.000,-200.450,-23.000,9101.550,974.620,56.420,10132.590
2017-05-20,235,8863.000,-260.300,-41.800,8560.900,892.620,62.380,9515.900
2017-05-21,245,9107.000,-209.750,-19.000,8878.250,954.890,12.720,9845.860
2017-05-22,262,10347.000,-366.550,-307.850,9672.600,1075.710,45.610,10793.920
2017-05-23,301,12840.000,-228.950,-295.200,12315.850,988.040,104.810,13408.700
2017-05-24,690,30582.000,-4740.350,-299.300,25542.350,1947.870,197.440,27687.660
2017-05-25,340,14796.000,-1410.600,-402.000,12983.400,1241.610,58.860,14283.870
2017-05-26,324,13803.000,-520.500,-85.000,13197.500,1088.770,80.650,14366.920
2017-05-27,275,10731.000,-317.650,-105.750,10307.600,938.600,75.650,11321.850
2017-05-28,252,9580.000,-263.200,-191.000,9125.800,1006.770,67.550,10200.120
2017-05-29,357,14614.000,-1111.400,-310.050,13192.550,1251.460,74.610,14518.620
2017-05-30,284,10727.000,-525.050,-378.900,9823.050,1017.750,50.850,10891.650
2017-05-31,322,12669.000,-595.550,-190.750,11882.700,1219.040,52.970,13154.710
2017-06-01,261,10348.000,-261.900,-224.000,9862.100,967.920,63.240,10893.260
2017-06-02,258,9766.000,-303.950,-62.000,9400.050,1098.500,15.910,10514.460
2017-06-03,242,9698.000,-303.400,0.000,9394.600,989.630,44.400,10428.630
2017-06-04,253,9168.000,-191.900,-87.000,8889.100,1146.670,11.410,10047.180
2017-06-05,292,10540.000,-290.750,-303.500,9945.750,1102.930,68.580,11117.260
2017-06-06,250,9258.000,-211.900,-230.700,8815.400,880.100,70.400,9765.900
2017-06-07,299,12678.000,-327.750,-153.650,12196.600,1194.000,75.080,13465.680
2017-06-08,292,11566.000,-283.600,-108.750,11173.650,1229.390,43.480,12446.520
2017-06-09,292,11411.000,-293.200,-224.000,10893.800,1193.630,69.480,12156.910
2017-06-10,267,10615.000,-246.250,0.000,10368.750,1195.000,63.550,11627.300
2017-06-11,278,10976.000,-273.900,-40.000,10662.100,1338.210,47.380,12047.690
2017-06-12,298,12851.000,-309.700,-269.000,12272.300,1365.670,68.670,13706.640
2017-06-13,315,12301.000,-319.150,-455.600,11526.250,1281.950,69.800,12878.000
2017-06-14,337,12348.000,-204.750,-112.000,12031.250,1364.950,82.980,13479.180
2017-06-15,307,15163.000,-311.000,-243.750,14608.250,1339.640,106.900,16054.790
2017-06-16,376,15316.000,-470.950,-17.250,14827.800,1497.380,155.600,16480.780
2017-06-17,260,10709.000,-375.450,-25.500,10308.050,1106.530,108.680,11523.260
2017-06-18,260,10563.000,-344.400,0.000,10218.600,1013.770,39.270,11271.640
2017-06-19,280,10969.000,-783.800,-279.750,9905.450,1135.620,69.930,11111.000
2017-06-20,338,13325.000,-295.000,-124.000,12906.000,1380.740,173.610,14460.350
2017-06-21,608,22141.000,-498.050,-464.000,21178.950,1293.330,244.220,22716.500
2017-06-22,474,17408.000,-354.250,-398.000,16655.750,1543.890,217.200,18416.840
2017-06-23,419,15243.000,-294.100,-73.150,14875.750,1543.900,213.030,16632.680
2017-06-24,368,13824.000,-379.200,0.000,13444.800,1526.730,211.410,15182.940
2017-06-25,417,16303.000,-332.750,-58.000,15912.250,1724.590,243.780,17880.620
2017-06-26,388,15691.000,-642.200,-536.200,14512.600,1605.310,133.250,16251.160
2017-06-27,347,15232.000,-324.600,-332.500,14574.900,1535.860,270.070,16380.830
2017-06-28,486,19372.000,-1188.100,-219.550,17964.350,2102.050,252.380,20318.780
2017-06-29,284,11319.000,-491.800,-104.000,10723.200,1115.920,150.360,11989.480
2017-06-30,337,13354.000,-472.700,-208.000,12673.300,1289.080,161.320,14123.700
2017-07-01,379,14614.000,-336.250,-55.000,14222.750,1735.260,113.410,16071.420
2017-07-02,330,12463.000,-270.900,-64.600,12127.500,1436.240,111.260,13675.000
2017-07-03,354,13990.000,-192.050,0.000,13797.950,1662.420,141.970,15602.340
2017-07-04,311,13063.000,-236.800,-128.000,12698.200,1366.470,197.820,14262.490
2017-07-05,405,16017.000,-440.450,-157.700,15418.850,1571.300,274.740,17264.890
2017-07-06,388,15350.000,-363.100,-86.000,14900.900,1349.670,182.240,16432.810
2017-07-07,408,16862.000,-459.500,-145.400,16257.100,1387.260,171.830,17816.190
2017-07-08,357,14257.000,-367.500,0.000,13889.500,1482.360,161.410,15533.270
2017-07-09,353,14481.000,-319.600,0.000,14161.400,1485.190,231.080,15877.670
2017-07-10,369,14773.000,-315.450,-160.560,14296.990,1472.160,204.870,15974.020
2017-07-11,1070,46594.000,-10802.250,-210.200,35581.550,3695.860,481.850,39759.260
2017-07-12,569,24240.000,-3065.100,-157.450,21017.450,2356.870,284.790,23659.110
2017-07-13,353,14176.000,-376.450,-388.890,13410.660,1253.240,254.140,14918.040
2017-07-14,367,14296.000,-328.100,-350.050,13617.850,1245.500,219.190,15082.540
2017-07-15,323,13002.000,-308.300,-165.400,12528.300,1205.680,166.310,13900.290
2017-07-16,288,10733.000,-242.050,-79.300,10411.650,1234.310,137.440,11783.400
2017-07-17,316,12565.000,-373.150,-30.000,12161.850,1155.320,147.500,13464.670
2017-07-18,429,17575.000,-433.600,-331.900,16809.500,1615.040,247.400,18671.940
2017-07-19,497,19431.000,-685.800,-619.600,18125.600,1728.540,243.830,20097.970
2017-07-20,454,17919.000,-425.200,-401.400,17092.400,1512.720,250.910,18856.030
2017-07-21,491,18803.000,-370.800,-153.000,18279.200,1697.620,233.920,20210.740
2017-07-22,334,13838.000,-252.300,-57.250,13528.450,1261.680,150.140,14940.270
2017-07-23,335,12900.000,-246.250,0.000,12653.750,1391.060,150.230,14195.040
2017-07-24,422,15148.000,-292.000,-438.100,14417.900,1511.350,179.630,16108.880
2017-07-25,416,16816.000,-411.800,-18.000,16386.200,1417.000,211.220,18014.420
2017-07-26,489,19685.000,-462.650,-144.000,19078.350,1778.240,283.550,21140.140
2017-07-27,379,14493.000,-437.650,-137.000,13918.350,1555.000,133.380,15606.730
2017-07-28,329,12610.000,-288.150,-95.000,12226.850,1300.680,110.920,13638.450
2017-07-29,325,12408.000,-311.450,-44.000,12052.550,1101.140,149.710,13303.400
2017-07-30,388,14112.000,-309.450,0.000,13802.550,1530.780,114.790,15448.120
2017-07-31,407,16648.000,-499.400,-521.650,15626.950,1651.050,187.460,17465.460
2017-08-01,469,18116.000,-430.300,-798.200,16887.500,1881.980,301.770,19071.250
2017-08-02,370,13494.000,-457.750,-195.250,12841.000,1598.910,183.430,14623.340
2017-08-03,389,15535.000,-462.950,-246.000,14826.050,1421.700,154.420,16402.170
2017-08-04,345,14124.000,-306.650,-145.000,13672.350,1317.880,102.310,15092.540
2017-08-05,292,11158.000,-211.500,0.000,10946.500,1257.530,114.230,12318.260
2017-08-06,293,11436.000,-229.750,-238.000,10968.250,1148.090,78.450,12194.790
2017-08-07,311,11331.000,-324.550,-170.000,10836.450,1072.000,115.570,12024.020
2017-08-08,309,13808.000,-1096.900,-591.800,12119.300,1200.340,141.440,13461.080
2017-08-09,400,17265.000,-1357.100,-569.800,15338.100,1573.720,164.030,17075.850
2017-08-10,409,15146.000,-689.500,-192.200,14264.300,1858.270,185.860,16308.430
2017-08-11,337,12726.000,-265.100,-235.100,12225.800,1539.000,111.420,13876.220
2017-08-12,426,15805.000,-416.050,-131.000,15257.950,1880.550,142.810,17281.310
2017-08-13,384,14754.000,-264.500,0.000,14489.500,1810.000,101.790,16401.290
2017-08-14,336,12731.000,-307.950,-369.800,12053.250,1605.040,177.820,13836.110
2017-08-15,321,13794.000,-393.500,-356.700,13043.800,1297.960,201.940,14543.700
2017-08-16,436,15497.000,-556.650,-241.700,14698.650,1695.090,191.050,16584.790
2017-08-17,426,16465.000,-1790.500,-85.300,14589.200,1727.020,198.350,16514.570
2017-08-18,360,13735.000,-1137.350,-39.750,12557.900,1590.120,118.730,14266.750
2017-08-19,256,9730.000,-226.700,0.000,9503.300,1165.280,93.440,10762.020
2017-08-20,265,10069.000,-190.600,0.000,9878.400,1094.620,161.160,11134.180
2017-08-21,354,14752.000,-818.050,-356.000,13577.950,1570.060,123.510,15271.520
2017-08-22,820,34204.000,-6692.050,-802.550,26709.400,3415.450,255.600,30380.450
2017-08-23,536,22697.000,-3885.000,-267.750,18544.250,2446.520,218.720,21209.490
2017-08-24,483,18579.000,-2980.700,-373.150,15225.150,2021.150,158.080,17404.380
2017-08-25,437,17618.000,-3112.900,-51.400,14453.700,2023.500,147.420,16624.620
2017-08-26,463,18731.000,-3488.800,-25.000,15217.200,2208.890,155.660,17581.750
2017-08-27,470,17981.000,-3460.200,0.000,14520.800,2336.620,96.790,16954.210
2017-08-28,449,17043.000,-3149.350,-1042.800,12850.850,2144.930,139.910,15135.690
2017-08-29,339,12690.000,-1348.600,-308.200,11033.200,1505.500,154.060,12692.760
2017-08-30,371,14307.000,-643.900,-384.800,13278.300,1602.670,147.830,15028.800
2017-08-31,331,12791.000,-556.250,-277.000,11957.750,1370.120,130.550,13458.420
2017-09-01,349,11896.000,-586.950,-238.910,11070.140,1380.000,113.910,12564.050
2017-09-02,400,14991.000,-827.500,0.000,14163.500,1750.740,118.390,16032.630
2017-09-03,405,14733.000,-714.100,-63.000,13955.900,1848.240,123.620,15927.760
2017-09-04,412,15284.000,-818.800,-369.350,14095.850,1786.190,136.390,16018.430
2017-09-05,347,12640.000,-657.800,-231.110,11751.090,1636.310,67.310,13454.710
2017-09-06,465,17188.000,-943.250,-272.700,15972.050,2220.180,134.140,18326.370
2017-09-07,504,18571.000,-938.800,-306.000,17326.200,2197.410,152.780,19676.390
2017-09-08,393,14578.000,-772.500,-227.800,13577.700,1793.670,124.090,15495.460
2017-09-09,319,11535.000,-345.750,0.000,11189.250,1433.000,97.720,12719.970
2017-09-10,371,13361.000,-490.800,-33.000,12837.200,1731.780,159.260,14728.240
2017-09-11,351,12453.000,-407.100,-771.650,11274.250,1669.700,162.810,13106.760
2017-09-12,363,13801.000,-878.550,-87.850,12834.600,1730.790,106.910,14672.300
2017-09-13,427,16618.000,-1257.150,-466.600,14894.250,1867.510,135.640,16897.400
2017-09-14,356,13016.000,-748.050,-411.850,11856.100,1599.780,111.290,13567.170
2017-09-15,312,10787.000,-500.700,-164.750,10121.550,1272.660,138.760,11532.970
2017-09-16,261,8848.000,-113.950,0.000,8734.050,1233.370,60.440,10027.860
2017-09-17,402,14156.000,-376.350,-23.000,13756.650,1806.320,101.770,15664.740
2017-09-18,355,12026.000,-401.450,-1169.350,10455.200,1505.770,70.400,12031.370
2017-09-19,338,12448.000,-474.500,-577.750,11395.750,1457.920,98.040,12951.710
2017-09-20,557,42791.000,-5818.200,-333.450,36639.350,2358.000,232.510,39229.860
2017-09-21,418,15920.000,-1218.100,-407.600,14294.300,1568.040,141.030,16003.370
2017-09-22,426,15412.000,-780.650,-155.550,14475.800,1663.210,123.570,16262.580
2017-09-23,373,12770.000,-726.050,0.000,12043.950,1445.040,62.640,13551.630
2017-09-24,407,14738.000,-723.500,-90.000,13924.500,1502.620,126.740,15553.860
2017-09-25,364,12801.000,-635.500,-637.750,11527.750,1236.300,142.850,12906.900
2017-09-26,380,13147.000,-1396.600,-232.400,11518.000,1543.000,42.100,13103.100
2017-09-27,787,29337.000,-4500.450,-225.400,24611.150,2709.620,281.490,27602.260
2017-09-28,525,21494.000,-2375.500,-190.950,18927.550,1976.500,207.550,21111.600
2017-09-29,408,14687.000,-1172.950,-280.350,13233.700,1424.620,177.790,14836.110
2017-09-30,322,11329.000,-713.300,0.000,10615.700,1226.490,81.450,11923.640
2017-10-01,338,12216.000,-754.400,0.000,11461.600,1366.620,78.120,12906.340
2017-10-02,344,13049.000,-925.250,-335.110,11788.640,1393.120,105.510,13287.270
2017-10-03,352,12298.000,-816.400,-436.500,11045.100,1318.350,76.360,12439.810
2017-10-04,569,22102.000,-1299.050,-378.500,20424.450,1986.020,225.370,22635.840
2017-10-05,419,15619.000,-920.600,-248.700,14449.700,1698.810,150.590,16299.100
2017-10-06,370,13390.000,-847.350,-618.000,11924.650,1330.090,159.580,13414.320
2017-10-07,313,11327.000,-509.950,-72.000,10745.050,1175.500,110.340,12030.890
2017-10-08,359,13815.000,-719.950,0.000,13095.050,1557.800,106.720,14759.570
2017-10-09,381,13652.000,-579.300,-37.400,13035.300,1561.700,81.010,14678.010
2017-10-10,297,10066.000,-664.850,-401.280,8999.870,1202.980,77.740,10280.590
2017-10-11,485,17466.000,-1058.300,-133.850,16273.850,1660.220,169.340,18103.410
2017-10-12,323,11236.000,-714.050,-198.150,10323.800,1115.000,83.790,11522.590
2017-10-13,363,13379.000,-1572.500,-47.750,11758.750,1443.990,99.080,13301.820
2017-10-14,295,11381.000,-1027.500,-18.000,10335.500,1076.500,147.670,11559.670
2017-10-15,338,12010.000,-952.650,-137.000,10920.350,1351.120,141.070,12412.540
2017-10-16,331,12163.000,-658.050,-378.350,11126.600,1355.480,147.530,12629.610
2017-10-17,530,19260.000,-1554.950,-233.750,17471.300,2027.500,174.120,19672.920
2017-10-18,998,35850.000,-6097.850,-403.600,29348.550,3636.000,283.630,33268.180
2017-10-19,537,19173.000,-2486.250,-297.150,16389.600,2114.000,186.680,18690.280
2017-10-20,402,14410.000,-1423.250,-326.750,12660.000,1573.730,100.020,14333.750
2017-10-21,308,11296.000,-1058.300,-6.000,10231.700,1132.620,138.690,11503.010
2017-10-22,294,10956.000,-601.100,-42.000,10312.900,1102.980,89.470,11505.350
2017-10-23,329,10995.000,-787.750,-483.450,9723.800,1199.000,138.560,11061.360
2017-10-24,334,11856.000,-768.850,-197.800,10889.350,1183.620,90.200,12163.170
2017-10-25,530,19418.000,-2166.750,-298.000,16953.250,2127.490,179.400,19260.140
2017-10-26,493,18362.000,-1864.350,-55.200,16442.450,2171.520,378.700,18992.670
2017-10-27,423,16009.000,-1761.350,-495.250,13752.400,1739.860,339.390,15831.650
2017-10-28,359,13728.000,-1269.650,-102.300,12356.050,1729.980,178.040,14264.070
2017-10-29,403,15288.000,-1484.900,0.000,13803.100,1679.120,275.290,15757.510
2017-10-30,359,12748.000,-1122.200,-839.640,10786.160,1547.500,198.500,12532.160
2017-10-31,487,18360.000,-2322.700,-662.200,15375.100,1810.500,181.110,17366.710
2017-11-01,372,13819.000,-1491.850,-438.450,11888.700,1505.820,235.340,13629.860
2017-11-02,388,13595.000,-1297.400,-57.050,12240.550,1545.500,141.750,13927.800
2017-11-03,353,12351.000,-999.550,-107.500,11243.950,1545.140,134.290,12923.380
2017-11-04,309,11482.000,-632.050,-175.500,10674.450,1137.500,74.490,11886.440
2017-11-05,367,13309.000,-874.650,-34.000,12400.350,1321.120,113.320,13834.790
2017-11-06,315,11859.000,-776.300,-357.300,10725.400,1115.500,161.970,12002.870
2017-11-07,259,9289.000,-601.650,-99.830,8587.520,1049.500,86.930,9723.950
2017-11-08,235,8178.000,-344.500,-384.300,7449.200,848.000,84.980,8382.180
2017-11-09,457,16187.000,-747.600,-207.840,15231.560,1185.120,239.810,16656.490
2017-11-10,368,12827.000,-631.150,-248.720,11947.130,1072.500,154.940,13174.570
2017-11-11,281,9850.000,-504.600,-104.000,9241.400,925.000,143.810,10310.210
2017-11-12,293,10163.000,-487.350,0.000,9675.650,978.820,98.930,10753.400
2017-11-13,288,11883.000,-570.100,-331.550,10981.350,1035.320,125.710,12142.380
2017-11-14,275,10633.000,-526.500,-107.750,9998.750,955.000,137.830,11091.580
2017-11-15,605,21692.000,-1256.300,-263.000,20172.700,1566.620,274.670,22013.990
2017-11-16,361,13319.000,-756.150,-177.950,12384.900,1308.450,162.120,13855.470
2017-11-17,253,8929.000,-564.500,-901.650,7462.850,1017.320,126.280,8606.450
2017-11-18,248,9607.000,-387.400,-135.250,9084.350,1047.620,141.300,10273.270
2017-11-19,254,9330.000,-419.350,-76.500,8834.150,961.000,162.950,9958.100
2017-11-20,235,8628.000,-329.050,-178.350,8120.600,943.510,89.810,9153.920
2017-11-21,1141,47902.000,-12912.550,-1040.500,33948.950,4258.820,517.500,38725.270
2017-11-22,795,33510.000,-9402.450,-727.600,23379.950,3258.250,368.060,27006.260
2017-11-23,1195,49987.000,-13989.300,-341.830,35655.870,4654.140,545.700,40855.710
2017-11-24,2802,116486.000,-35780.940,-563.720,80141.340,11486.500,894.500,92522.340
2017-11-25,2190,88893.000,-27933.110,-1164.120,59795.770,8487.610,591.460,68874.840
2017-11-26,1768,72893.000,-22745.870,-766.110,49381.020,7220.200,545.200,57146.420
2017-11-27,2804,112335.000,-38283.500,-822.740,73228.760,10146.240,754.750,84129.750
2017-11-28,861,34172.000,-10486.650,-1239.140,22446.210,3170.600,205.890,25822.700
2017-11-29,370,13078.000,-2962.700,-296.820,9818.480,1584.410,87.970,11490.860
2017-11-30,340,12431.000,-2736.650,-250.500,9443.850,1432.120,93.990,10969.960
2017-12-01,464,17304.000,-3633.300,-163.880,13506.820,1805.500,129.510,15441.830
2017-12-02,377,13376.000,-2533.350,0.000,10842.650,1476.270,77.300,12396.220
2017-12-03,347,12221.000,-1223.550,0.000,10997.450,1372.030,73.520,12443.000
2017-12-04,259,9385.000,-525.650,-706.910,8152.440,784.840,83.500,9020.780
2017-12-05,261,9196.000,-363.350,-1004.230,7828.420,774.000,95.100,8697.520
2017-12-06,398,14193.000,-607.800,-179.670,13405.530,1328.380,194.360,14928.270
2017-12-07,429,16560.000,-1676.800,-116.430,14766.770,1762.980,130.290,16660.040
2017-12-08,489,16669.000,-2894.970,-433.720,13340.310,1849.440,113.030,15302.780
2017-12-09,487,17847.000,-3040.050,0.000,14806.950,2030.280,119.580,16956.810
2017-12-10,545,20185.000,-3229.350,-89.110,16866.540,2190.420,210.560,19267.520
2017-12-11,895,33624.000,-8919.900,-519.870,24184.230,3584.820,239.610,28008.660
2017-12-12,931,35701.000,-9207.300,-446.990,26046.710,3954.940,247.720,30249.370
2017-12-13,953,38994.000,-10502.450,-702.980,27788.570,4085.460,331.320,32205.350
2017-12-14,749,28448.000,-7292.850,-369.910,20785.240,3156.500,220.840,24162.580
2017-12-15,591,24095.000,-5772.500,-287.610,18034.890,2330.380,183.340,20548.610
2017-12-16,569,22264.000,-5715.100,-21.750,16527.150,2270.500,171.400,18969.050
2017-12-17,648,24305.000,-6140.500,-199.260,17965.240,2795.820,142.140,20903.200
2017-12-18,486,19334.000,-4280.550,-401.480,14651.970,2159.600,84.600,16896.170
2017-12-19,328,12553.000,-2170.400,-515.750,9866.850,1337.340,94.900,11299.090
2017-12-20,235,8558.000,-808.650,-181.100,7568.250,1000.500,81.620,8650.370
2017-12-21,193,7726.000,-430.150,-98.400,7197.450,860.170,101.250,8158.870
2017-12-22,176,7208.000,-490.000,-168.420,6549.580,683.500,52.310,7285.390
2017-12-23,170,6322.000,-301.650,-58.800,5961.550,650.500,70.310,6682.360
2017-12-24,128,4862.000,-168.200,-13.300,4680.500,524.000,66.810,5271.310
2017-12-25,171,5803.000,-187.250,0.000,5615.750,646.900,40.170,6302.820
2017-12-26,783,29821.000,-6555.820,-136.000,23129.180,3548.480,360.220,27037.880
2017-12-27,628,22166.000,-4731.820,-238.160,17196.020,2820.980,221.730,20238.730
2017-12-28,722,27021.000,-5850.740,-469.870,20700.390,3559.480,230.150,24490.020
2017-12-29,576,20167.000,-4066.780,-42.460,16057.760,2880.350,131.310,19069.420
2017-12-30,531,18214.000,-3543.500,-170.630,14499.870,2771.500,158.620,17429.990
2017-12-31,366,13502.000,-2786.050,-87.210,10628.740,1633.990,145.370,12408.100
2018-01-01,297,10595.000,-2123.730,0.000,8471.270,1490.500,89.920,10051.690
2018-01-02,253,10021.000,-1153.820,-333.320,8533.860,1153.490,112.510,9799.860
2018-01-03,265,9544.000,-607.710,-128.070,8808.220,1003.500,106.450,9918.170
2018-01-04,240,9008.000,-257.700,-225.540,8524.760,992.990,103.970,9621.720
2018-01-05,267,9826.000,-297.260,-482.900,9045.840,1018.510,109.850,10174.200
2018-01-06,294,10879.000,-357.050,0.000,10521.950,1228.500,107.470,11857.920
2018-01-07,295,10851.000,-442.100,-184.000,10224.900,1259.160,129.410,11613.470
2018-01-08,284,11053.000,-328.550,-159.500,10564.950,1303.010,133.860,12001.820
2018-01-09,414,14240.000,-453.200,-128.170,13658.630,1702.260,178.140,15539.030
2018-01-10,385,13602.000,-335.750,-357.730,12908.520,1696.250,182.100,14786.870
2018-01-11,369,12206.000,-325.050,-331.790,11549.160,1412.500,100.780,13062.440
2018-01-12,413,13776.000,-518.800,-213.730,13043.470,1639.000,117.730,14800.200
2018-01-13,463,14973.000,-360.150,0.000,14612.850,2090.010,90.560,16793.420
2018-01-14,497,17085.000,-491.800,0.000,16593.200,2239.390,171.180,19003.770
2018-01-15,457,14879.000,-415.050,-897.940,13566.010,1877.590,146.040,15589.640
2018-01-16,633,21291.000,-1831.700,-453.340,19005.960,2642.490,306.800,21955.250
2018-01-17,436,14464.000,-592.500,-493.140,13378.360,1926.480,102.490,15407.330
2018-01-18,383,12611.000,-522.250,-344.150,11744.600,1639.500,105.170,13489.270
2018-01-19,694,21837.000,-1653.350,-343.070,19840.580,2712.990,239.240,22792.810
2018-01-20,547,18447.000,-717.550,0.000,17729.450,2432.970,140.410,20302.830
2018-01-21,626,20738.000,-679.750,0.000,20058.250,3065.980,187.270,23311.500
2018-01-22,553,19778.000,-727.150,-561.700,18489.150,2335.980,182.880,21008.010
2018-01-23,663,21080.000,-502.600,-390.010,20187.390,2220.480,166.120,22573.990
2018-01-24,551,17812.000,-640.700,-462.600,16708.700,2020.490,196.140,18925.330
2018-01-25,530,17305.000,-466.600,-236.300,16602.100,1984.000,219.530,18805.630
2018-01-26,526,16603.000,-479.450,-267.060,15856.490,2181.090,148.830,18186.410
2018-01-27,529,17987.000,-493.300,-75.000,17418.700,2205.500,180.740,19804.940
2018-01-28,516,17390.000,-556.150,0.000,16833.850,2287.240,124.160,19245.250
2018-01-29,503,17297.000,-581.650,-443.000,16272.350,1971.260,115.610,18359.220
2018-01-30,652,22313.000,-2135.500,-583.050,19594.450,2632.000,152.820,22379.270
2018-01-31,520,17892.000,-1004.700,-395.610,16491.690,2355.320,133.780,18980.790
2018-02-01,478,15576.000,-844.950,-563.600,14167.450,2014.200,153.160,16334.810
2018-02-02,2392,70512.000,-10305.700,-489.500,59716.800,9506.120,510.480,69733.400
2018-02-03,1514,47032.000,-8809.150,0.000,38222.850,7343.540,324.970,45891.360
2018-02-04,1335,42847.000,-8125.900,-22.350,34698.750,6260.560,312.820,41272.130
2018-02-05,758,24366.000,-3207.400,-1296.700,19861.900,3592.240,177.350,23631.490
2018-02-06,441,17125.000,-472.400,-458.270,16194.330,2052.100,140.900,18387.330
2018-02-07,437,14299.000,-436.200,-459.010,13403.790,1822.650,168.540,15394.980
2018-02-08,405,13506.000,-426.850,-583.910,12495.240,1916.030,127.870,14539.140
2018-02-09,490,16714.000,-548.650,-552.370,15612.980,2044.650,115.610,17773.240
2018-02-10,473,16235.000,-537.250,-312.250,15385.500,2056.800,103.710,17546.010
2018-02-11,520,16805.000,-473.450,-58.000,16273.550,2107.350,162.240,18543.140
2018-02-12,511,17024.000,-760.300,-655.990,15607.710,2049.060,119.310,17776.080
2018-02-13,449,14742.000,-577.100,-524.100,13640.800,1932.000,93.490,15666.290
2018-02-14,373,11769.000,-389.800,-536.490,10842.710,1759.830,64.110,12666.650
2018-02-15,524,16644.000,-434.800,-664.050,15545.150,2151.620,125.820,17822.590
2018-02-16,478,15787.000,-528.350,-622.000,14636.650,1931.500,143.080,16711.230
2018-02-17,472,15165.000,-426.200,-94.000,14644.800,2055.000,95.990,16795.790
2018-02-18,539,18338.000,-601.000,-18.000,17719.000,2296.860,128.810,20144.670
2018-02-19,518,18009.000,-997.100,-743.890,16268.010,1989.000,138.510,18395.520
2018-02-20,571,19115.000,-550.050,-1002.740,17562.210,2256.350,176.910,19995.470
2018-02-21,695,22345.000,-1019.800,-562.500,20762.700,2863.000,205.290,23830.990
2018-02-22,652,21883.600,-644.320,-592.120,20647.160,2747.680,158.190,23553.030
2018-02-23,592,19335.800,-655.100,-603.600,18077.100,2190.560,70.740,20338.400
2018-02-24,661,21269.600,-891.620,-32.000,20345.980,2582.140,112.710,23040.830
2018-02-25,673,21525.600,-571.920,-243.000,20710.680,2717.060,177.520,23605.260
2018-02-26,584,19462.400,-654.570,-1049.130,17758.700,2241.200,91.260,20091.160
2018-02-27,740,24774.600,-861.170,-1434.300,22479.130,2584.060,162.100,25225.290
2018-02-28,648,21137.800,-677.170,-456.750,20003.880,2601.060,147.710,22752.650
2018-03-01,711,23795.800,-737.150,-841.980,22216.670,2956.090,137.850,25310.610
2018-03-02,784,25869.000,-939.500,-433.300,24496.200,2937.000,176.590,27609.790
2018-03-03,651,23171.000,-833.300,-52.000,22285.700,2454.560,141.030,24881.290
2018-03-04,664,22077.800,-738.850,-22.100,21316.850,2608.000,154.290,24079.140
2018-03-05,1608,40559.600,-9750.040,-1263.080,29546.480,5450.060,122.020,35118.560
2018-03-06,1585,42134.600,-8330.500,-758.100,33046.000,5489.790,114.170,38649.960
2018-03-07,1266,34268.200,-6663.290,-931.370,26673.540,4424.500,168.350,31266.390
2018-03-08,1177,31919.000,-6619.080,-412.100,24887.820,3916.120,88.010,28891.950
2018-03-09,872,25335.000,-2873.250,-529.900,21931.850,3451.430,140.700,25523.980
2018-03-10,774,24434.000,-1535.150,0.000,22898.850,3152.340,104.270,26155.460
2018-03-11,636,20470.800,-1057.720,-1008.410,18404.670,2673.610,107.840,21186.120
2018-03-12,678,22506.600,-1114.390,-997.900,20394.310,2597.000,131.950,23123.260
2018-03-13,612,20465.000,-854.770,-412.700,19197.530,2214.990,129.390,21541.910
2018-03-14,645,20200.200,-1006.370,-1076.700,18117.130,2423.000,123.620,20663.750
2018-03-15,635,21288.000,-929.100,-524.700,19834.200,2616.260,94.010,22544.470
2018-03-16,680,21613.600,-797.340,-714.400,20101.860,2565.500,112.820,22780.180
2018-03-17,541,17088.400,-795.650,-44.200,16248.550,2235.490,86.130,18570.170
2018-03-18,645,20578.600,-914.970,-408.510,19255.120,2584.500,142.910,21982.530
2018-03-19,600,19238.000,-882.550,-1299.840,17055.610,2461.970,45.130,19562.710
2018-03-20,698,21386.400,-1015.000,-775.740,19595.660,2997.900,136.470,22730.030
2018-03-21,671,22202.200,-1018.470,-1209.650,19974.080,2541.990,143.100,22659.170
2018-03-22,664,21556.800,-968.850,-487.300,20100.650,2680.630,162.640,22943.920
2018-03-23,722,23137.000,-1053.000,-468.900,21615.100,2804.400,195.250,24614.750
2018-03-24,569,17991.000,-806.250,-22.100,17162.650,2371.830,132.400,19666.880
2018-03-25,633,20561.000,-736.800,-157.000,19667.200,2585.420,160.050,22412.670
2018-03-26,575,19300.000,-729.850,-787.350,17782.800,2397.500,145.680,20325.980
2018-03-27,665,21933.400,-1008.270,-669.450,20255.680,2749.070,175.350,23180.100
2018-03-28,574,18039.200,-870.340,-663.100,16505.760,2444.920,93.800,19044.480
2018-03-29,639,21102.800,-775.800,-317.550,20009.450,2589.980,115.420,22714.850
2018-03-30,729,23095.400,-973.050,-50.000,22072.350,3073.020,187.780,25333.150
2018-03-31,665,21400.600,-1065.600,0.000,20335.000,2557.980,122.160,23015.140
2018-04-01,663,21932.200,-939.570,0.000,20992.630,2566.690,140.320,23699.640
2018-04-02,702,22402.400,-1179.150,-2826.290,18396.960,2704.360,108.600,21209.920
2018-04-03,994,33048.000,-3641.310,-909.960,28496.730,3907.100,181.560,32585.390
2018-04-04,850,27085.600,-2044.750,-1482.200,23558.650,3465.230,120.760,27144.640
2018-04-05,851,27793.400,-1688.750,-846.340,25258.310,3455.480,183.200,28896.990
2018-04-06,1506,42163.000,-7351.700,-774.400,34036.900,5576.490,313.410,39926.800
2018-04-07,1525,40904.600,-8764.870,-46.800,32092.930,5690.490,353.310,38136.730
2018-04-08,1445,40183.400,-7315.620,0.000,32867.780,5557.070,307.200,38732.050
2018-04-09,1314,35700.200,-6002.750,-852.580,28844.870,5136.260,272.030,34253.160
2018-04-10,996,29996.000,-3672.050,-1110.000,25213.950,4159.910,236.030,29609.890
2018-04-11,795,24886.600,-1956.720,-2578.630,20351.250,2994.020,176.630,23521.900
2018-04-12,731,22798.600,-1532.200,-3037.000,18229.400,2542.360,155.430,20927.190
2018-04-13,817,26726.200,-1686.950,-609.850,24429.400,3093.240,165.010,27687.650
2018-04-14,754,24556.600,-1388.150,-30.000,23138.450,3030.040,209.000,26377.490
2018-04-15,888,28453.000,-1788.950,-66.000,26598.050,3925.040,266.830,30789.920
2018-04-16,784,25108.800,-1787.360,-1237.400,22084.040,3273.000,170.240,25527.280
2018-04-17,869,29927.800,-1788.150,-1232.900,26906.750,3647.380,235.230,30789.360
2018-04-18,790,26428.600,-1573.900,-626.530,24228.170,3224.910,153.760,27606.840
2018-04-19,729,24486.800,-1539.790,-638.910,22308.100,2933.970,229.990,25472.060
2018-04-20,788,26288.800,-1808.170,-385.700,24094.930,2913.800,200.030,27208.760
2018-04-21,706,23028.000,-1331.300,-72.800,21623.900,2931.410,131.780,24687.090
2018-04-22,793,25486.800,-1549.450,0.000,23937.350,3546.500,192.420,27676.270
2018-04-23,777,25765.600,-1729.400,-2456.580,21579.620,3226.240,128.110,24933.970
2018-04-24,777,27383.800,-1843.070,-797.400,24743.330,3241.090,185.330,28169.750
2018-04-25,738,24977.200,-1741.140,-583.750,22652.310,3086.770,160.120,25899.200
2018-04-26,714,23967.400,-1591.410,-610.680,21765.310,2734.000,174.900,24674.210
2018-04-27,713,24914.200,-1528.530,-314.500,23071.170,2897.620,159.220,26128.010
2018-04-28,706,23727.300,-1560.040,-28.000,22139.260,2904.000,154.270,25197.530
2018-04-29,820,27986.800,-1458.060,0.000,26528.740,3423.620,193.400,30145.760
2018-04-30,770,26427.400,-1293.540,-1373.950,23759.910,3045.180,105.640,26910.730
2018-05-01,943,32755.400,-1855.030,-1164.100,29736.270,3721.560,206.530,33664.360
2018-05-02,814,26820.200,-1526.050,-1339.650,23954.500,3508.160,171.750,27634.410
2018-05-03,856,27899.000,-1712.100,-869.300,25317.600,3365.000,212.760,28895.360
2018-05-04,1255,43747.600,-5392.080,-1145.900,37209.620,4705.060,326.480,42241.160
2018-05-05,819,29210.800,-2445.450,-26.000,26739.350,3104.620,190.650,30034.620
2018-05-06,873,28664.200,-2010.090,-59.800,26594.310,3582.120,209.770,30386.200
2018-05-07,904,29372.600,-1834.570,-1449.400,26088.630,3318.680,193.630,29600.940
2018-05-08,883,29736.600,-1948.300,-769.400,27018.900,3259.060,204.410,30482.370
2018-05-09,792,26633.000,-1540.800,-968.460,24123.740,2919.620,143.750,27187.110
2018-05-10,815,26602.600,-1792.070,-531.500,24279.030,3291.060,164.760,27734.850
2018-05-11,842,26712.800,-1760.750,-521.400,24430.650,3306.060,169.770,27906.480
2018-05-12,722,23367.000,-1335.900,0.000,22031.100,2938.500,138.930,25108.530
2018-05-13,837,27625.000,-1524.870,0.000,26100.130,3339.060,106.370,29545.560
2018-05-14,788,26695.000,-1458.690,-1072.800,24163.510,2973.270,251.090,27387.870
2018-05-15,1140,40324.400,-4076.600,-1891.200,34356.600,4145.110,289.860,38791.570
2018-05-16,888,30969.200,-2445.590,-960.610,27563.000,3481.860,260.280,31305.140
2018-05-17,806,26403.800,-1818.050,-1334.880,23250.870,2885.700,122.690,26259.260
2018-05-18,885,28762.600,-1997.370,-806.900,25958.330,3198.990,202.810,29360.130
2018-05-19,721,24413.600,-1305.370,-26.000,23082.230,2794.260,144.010,26020.500
2018-05-20,763,25027.000,-1499.760,-26.000,23501.240,2961.390,155.580,26618.210
2018-05-21,803,26518.400,-1707.480,-16.000,24794.920,3227.630,178.800,28201.350
2018-05-22,900,28570.400,-1607.200,-2521.600,24441.600,3217.630,210.860,27870.090
2018-05-23,752,24936.400,-1551.020,-1264.200,22121.180,2855.420,159.570,25136.170
2018-05-24,692,22447.400,-1348.930,-709.530,20388.940,2738.130,192.360,23319.430
2018-05-25,920,28997.800,-1525.760,-717.160,26754.880,3362.630,202.180,30319.690
2018-05-26,769,24433.400,-1394.600,0.000,23038.800,2995.000,183.840,26217.640
2018-05-27,813,25869.800,-1234.420,-26.000,24609.380,3466.500,173.300,28249.180
2018-05-28,892,30058.800,-1713.760,-1820.140,26524.900,3403.000,144.910,30072.810
2018-05-29,921,30868.000,-2149.050,-1557.220,27161.730,3660.570,228.350,31050.650
2018-05-30,858,28843.200,-1644.570,-846.590,26352.040,3285.540,270.700,29908.280
2018-05-31,911,31055.400,-2028.160,-943.520,28083.720,3668.870,202.380,31954.970
2018-06-01,987,33211.000,-2386.990,-311.900,30512.110,3859.160,907.950,35279.220
2018-06-02,855,27997.700,-1863.520,0.000,26134.180,3408.630,809.730,30352.540
2018-06-03,894,30060.200,-1960.470,-26.000,28073.730,3865.830,923.270,32862.830
2018-06-04,889,29723.000,-1803.870,-1097.400,26821.730,3525.320,972.810,31319.860
2018-06-05,1031,36017.100,-2622.770,-1579.330,31815.000,3907.700,1141.350,36864.050
2018-06-06,904,30430.000,-2082.010,-1645.990,26702.000,3603.570,958.980,31264.550
2018-06-07,865,28975.200,-1986.140,-1090.580,25898.480,3359.200,822.330,30080.010
2018-06-08,951,31466.000,-2017.600,-1049.450,28398.950,3648.290,809.160,32856.400
2018-06-09,907,30239.100,-1867.950,0.000,28371.150,3556.040,773.810,32701.000
2018-06-10,920,30785.600,-2039.700,-26.000,28719.900,3712.500,716.030,33148.430
2018-06-11,931,30356.800,-2024.370,-983.720,27348.710,3645.470,809.700,31803.880
2018-06-12,1100,36973.600,-3447.680,-854.490,32671.430,4131.000,988.310,37790.740
2018-06-13,931,30865.900,-2876.080,-764.210,27225.610,3572.670,757.740,31556.020
2018-06-14,928,30363.200,-2888.200,-747.300,26727.700,3681.260,700.830,31109.790
2018-06-15,1094,36338.400,-3201.210,-399.200,32737.990,3860.830,1039.400,37638.220
2018-06-16,831,26705.400,-1852.910,0.000,24852.490,3544.880,707.740,29105.110
2018-06-17,956,33229.200,-2054.250,-18.000,31156.950,3739.330,883.670,35779.950
2018-06-18,896,29082.800,-2191.400,-1437.770,25453.630,3300.270,763.820,29517.720
2018-06-19,969,32460.200,-2326.950,-701.960,29431.290,3573.160,1054.400,34058.850
2018-06-20,805,26795.200,-1581.550,-630.860,24582.790,3104.660,895.850,28583.300
2018-06-21,1470,52902.700,-7767.910,-357.610,44777.180,5456.120,1491.470,51724.770
2018-06-22,1224,44055.000,-4969.110,-521.100,38564.790,4616.500,1229.200,44410.490
2018-06-23,945,32469.400,-2501.810,-45.500,29922.090,3598.500,944.420,34465.010
2018-06-24,934,32480.800,-2608.290,-39.000,29833.510,3738.140,1013.190,34584.840
2018-06-25,878,29132.200,-2105.650,-1161.640,25864.910,3237.380,911.740,30014.030
2018-06-26,868,28540.000,-1631.710,-740.860,26167.430,3430.140,884.500,30482.070
2018-06-27,815,29056.000,-1570.050,-3150.800,24335.150,2948.960,900.000,28184.110
2018-06-28,815,27349.200,-1445.990,-512.500,25390.710,3107.500,894.740,29392.950
2018-06-29,851,28590.400,-1544.680,-280.590,26765.130,3148.230,903.340,30816.700
2018-06-30,780,25118.600,-1116.100,-20.800,23981.700,3127.500,805.520,27914.720
2018-07-01,819,26976.000,-1313.250,-39.000,25623.750,3314.500,848.220,29786.470
2018-07-02,882,29784.200,-1449.550,-165.000,28169.650,3526.500,880.270,32576.420
2018-07-03,951,31777.200,-1609.910,-1863.680,28303.610,3642.200,878.410,32824.220
2018-07-04,764,25793.400,-1113.750,-1253.540,23426.110,2953.500,801.080,27180.690
2018-07-05,949,30564.000,-1784.900,-785.220,27993.880,3522.460,1011.500,32527.840
2018-07-06,1003,32608.600,-1612.850,-1098.220,29897.530,3693.000,1046.000,34636.530
2018-07-07,760,24403.000,-1337.700,0.000,23065.300,3088.100,846.660,27000.060
2018-07-08,608,21048.000,-1025.060,0.000,20022.940,2478.000,662.740,23163.680
2018-07-09,906,29768.600,-1637.530,-2069.280,26061.790,3368.500,862.280,30292.570
2018-07-10,986,32212.800,-1876.200,-1793.370,28543.230,3749.040,1063.810,33356.080
2018-07-11,810,27985.900,-1738.310,-1424.170,24823.420,2928.000,839.930,28591.350
2018-07-12,894,30720.200,-1711.450,-1489.940,27518.810,3318.460,970.710,31807.980
2018-07-13,895,30242.600,-1808.890,-1106.160,27327.550,3176.590,971.170,31475.310
2018-07-14,799,26941.000,-1490.700,0.000,25450.300,2886.000,900.640,29236.940
2018-07-15,851,28800.600,-1533.390,-68.000,27199.210,3251.600,967.400,31418.210
2018-07-16,2539,89649.600,-14394.240,-2272.520,72982.840,8099.580,2712.820,83795.240
2018-07-17,1526,51934.600,-6538.630,-2379.080,43016.890,5306.990,1753.010,50076.890
2018-07-18,930,29667.200,-2295.710,-2454.440,24917.050,3285.670,1001.190,29203.910
2018-07-19,830,27320.400,-1865.840,-1225.520,24229.040,2820.930,981.750,28031.720
2018-07-20,921,30027.600,-1860.090,-1198.140,26969.370,3094.120,1127.010,31190.500
2018-07-21,838,27985.000,-1438.920,-48.100,26497.980,3284.420,1080.810,30863.210
2018-07-22,924,30408.600,-1473.940,0.000,28934.660,3456.380,1063.210,33454.250
2018-07-23,882,29052.300,-1533.100,-1192.290,26326.910,3064.910,954.910,30346.730
2018-07-24,895,31467.800,-1715.480,-1589.760,28162.560,3123.000,1102.580,32388.140
2018-07-25,859,29303.600,-1374.480,-1400.480,26528.640,2973.910,941.200,30443.750
2018-07-26,1522,41425.500,-8886.120,-1333.420,31205.960,5279.000,1213.170,37698.130
2018-07-27,1875,49462.810,-10977.570,-1293.080,37192.160,6076.440,1499.020,44767.620
2018-07-28,1374,38426.600,-6575.650,-30.000,31820.950,4958.000,1249.960,38028.910
2018-07-29,1395,39446.200,-7199.020,0.000,32247.180,4821.500,1210.860,38279.540
2018-07-30,990,31013.400,-2993.500,-1723.360,26296.540,3494.500,1089.370,30880.410
2018-07-31,921,29734.400,-1936.620,-1559.800,26237.980,3231.000,1028.880,30497.860
2018-08-01,891,30175.400,-1447.950,-1389.910,27337.540,3338.500,1001.160,31677.200
2018-08-02,844,28604.200,-1348.990,-923.080,26332.130,3043.500,926.370,30302.000
2018-08-03,914,30580.200,-1546.890,-608.920,28424.390,3471.240,1024.160,32919.790
2018-08-04,732,23858.800,-1154.350,0.000,22704.450,2762.500,728.160,26195.110
2018-08-05,752,26003.400,-1258.360,0.000,24745.040,2743.000,930.250,28418.290
2018-08-06,817,26452.200,-1080.000,-36.000,25336.200,3246.310,932.250,29514.760
2018-08-07,767,25142.600,-1240.520,-1923.160,21978.920,2771.000,921.820,25671.740
2018-08-08,803,26938.400,-1452.740,-1689.830,23795.830,2943.000,848.500,27587.330
2018-08-09,653,22441.400,-1036.050,-1065.570,20339.780,2415.000,760.260,23515.040
2018-08-10,884,29988.400,-1514.950,-480.700,27992.750,3062.570,1066.610,32121.930
2018-08-11,744,24397.800,-1257.800,-106.140,23033.860,2630.000,925.210,26589.070
2018-08-12,1190,38993.800,-4309.950,0.000,34683.850,4069.310,1365.490,40118.650
2018-08-13,885,29792.400,-2648.320,-993.460,26150.620,3238.500,1055.330,30444.450
2018-08-14,833,26972.600,-1625.900,-2038.280,23308.420,2906.000,901.360,27115.780
2018-08-15,716,23128.200,-1298.220,-1212.960,20617.020,2695.810,766.560,24079.390
2018-08-16,755,25303.400,-1094.990,-1118.000,23090.410,2780.500,927.810,26798.720
2018-08-17,782,25868.000,-1432.650,-824.540,23610.810,2893.000,911.310,27415.120
2018-08-18,739,24658.800,-1115.100,-52.000,23491.700,2779.500,846.670,27117.870
2018-08-19,788,26329.800,-1305.500,-64.100,24960.200,3030.000,856.810,28847.010
2018-08-20,808,24318.000,-1215.550,-1987.470,21114.980,3068.620,893.990,25077.590
2018-08-21,1552,60606.400,-9660.600,-1123.690,49822.110,5745.620,1818.670,57386.400
2018-08-22,1246,49468.700,-7650.060,-1517.630,40301.010,4864.670,1424.390,46590.070
2018-08-23,948,35925.000,-5253.070,-635.940,30035.990,3677.620,1159.140,34872.750
2018-08-24,864,30807.400,-3094.900,-1021.940,26690.560,3365.460,902.850,30958.870
2018-08-25,839,28879.800,-2278.450,-26.000,26575.350,3439.120,927.700,30942.170
2018-08-26,1449,40727.600,-7651.150,0.000,33076.450,5127.310,1153.620,39357.380
2018-08-27,1497,41135.000,-8324.510,-3294.330,29516.160,4944.590,1107.650,35568.400
2018-08-28,1511,41557.800,-8791.720,-1424.800,31341.280,4993.200,1149.410,37483.890
2018-08-29,1210,34027.000,-5736.850,-1255.050,27035.100,4234.290,1045.300,32314.690
2018-08-30,932,29518.600,-2757.020,-575.310,26186.270,3491.200,873.760,30551.230
2018-08-31,849,27398.400,-1643.500,-875.780,24879.120,2887.200,809.730,28576.050
2018-09-01,854,27409.400,-1684.700,0.000,25724.700,3430.700,874.050,30029.450
2018-09-02,898,28347.000,-1650.700,0.000,26696.300,3493.020,826.290,31015.610
2018-09-03,896,29413.800,-1549.920,-34.900,27828.980,3355.640,907.950,32092.570
2018-09-04,783,26230.200,-1067.820,-1270.900,23891.480,2785.030,707.380,27383.890
2018-09-05,822,26813.000,-1340.210,-1110.540,24362.250,2766.910,698.920,27828.080
2018-09-06,775,26976.000,-1485.900,-623.950,24866.150,2799.500,778.490,28444.140
2018-09-07,812,27492.000,-1014.900,-1010.610,25466.490,2663.500,798.220,28928.210
2018-09-08,783,26339.400,-1094.350,0.000,25245.050,2950.320,787.590,28982.960
2018-09-09,810,27560.800,-1342.170,-26.000,26192.630,3028.410,787.760,30008.800
2018-09-10,748,26700.400,-1463.960,-1990.510,23245.930,2375.760,764.930,26386.620
2018-09-11,949,34056.400,-2964.670,-1598.580,29493.150,3113.180,914.780,33521.110
2018-09-12,838,28646.600,-2170.400,-1024.670,25451.530,3048.500,783.760,29283.790
2018-09-13,719,24572.800,-1282.250,-1004.600,22285.950,2493.500,570.260,25349.710
2018-09-14,876,29424.600,-1441.490,-734.770,27248.340,2796.500,830.260,30875.100
2018-09-15,768,24932.200,-1209.380,-50.000,23672.820,2556.500,713.100,26942.420
2018-09-16,785,26290.800,-1324.390,-74.000,24892.410,2924.700,669.360,28486.470
2018-09-17,733,28927.300,-2729.880,-1269.170,24928.250,2484.600,596.210,28009.060
2018-09-18,943,30167.000,-1385.940,-871.890,27909.170,3015.500,911.940,31836.610
2018-09-19,739,25407.600,-1114.150,-953.020,23340.430,2493.800,679.730,26513.960
2018-09-20,692,24200.500,-1145.600,-707.140,22347.760,2144.500,732.910,25225.170
2018-09-21,776,25748.200,-1040.750,-313.720,24393.730,2498.500,751.350,27643.580
2018-09-22,725,25165.100,-800.340,-51.810,24312.950,2401.290,701.240,27415.480
2018-09-23,765,26036.800,-1005.920,-93.500,24937.380,2583.460,659.870,28180.710
2018-09-24,691,23180.200,-1068.600,-1236.010,20875.590,2251.500,762.910,23890.000
2018-09-25,1820,66282.200,-12570.400,-1159.290,52552.510,6280.880,1945.260,60778.650
2018-09-26,1461,51228.200,-9947.500,-1325.400,39955.300,5263.700,1564.540,46783.540
2018-09-27,1303,44556.900,-8104.470,-878.320,35574.110,4653.150,1237.560,41464.820
2018-09-28,796,27575.400,-2963.800,-1044.500,23567.100,2452.470,825.510,26845.080
2018-09-29,584,18890.200,-649.850,-22.100,18218.250,1800.260,611.490,20630.000
2018-09-30,736,23430.000,-947.140,0.000,22482.860,2374.500,841.690,25699.050
2018-10-01,699,23149.600,-873.600,-2002.650,20273.350,2028.580,740.670,23042.600
2018-10-02,741,24316.600,-1065.250,-803.030,22448.320,2691.400,702.950,25842.670
2018-10-03,617,20895.000,-874.340,-817.300,19203.360,2247.500,620.740,22071.600
2018-10-04,764,25571.600,-824.600,-927.600,23819.400,2720.500,757.140,27297.040
2018-10-05,787,27668.400,-2817.470,-552.690,24298.240,2490.000,888.970,27677.210
2018-10-06,664,21887.200,-1532.000,-141.200,20214.000,2482.500,722.090,23418.590
2018-10-07,724,24425.200,-941.250,-101.800,23382.150,2446.000,754.720,26582.870
2018-10-08,703,23604.800,-1058.690,-18.000,22528.110,2427.000,737.330,25692.440
2018-10-09,720,24635.700,-1012.440,-1585.260,22038.000,2204.500,815.430,25057.930
2018-10-10,690,22445.800,-1039.800,-1008.880,20397.120,2407.000,741.200,23545.320
2018-10-11,693,21992.200,-854.150,-841.970,20296.080,2508.840,700.870,23505.790
2018-10-12,721,24686.200,-830.700,-680.360,23175.140,2375.000,781.550,26331.690
2018-10-13,654,23450.600,-872.800,-34.000,22543.800,2266.000,747.210,25557.010
2018-10-14,731,24386.800,-956.300,-107.940,23322.560,2594.500,680.660,26597.720
2018-10-15,661,22006.600,-892.650,-1196.960,19916.990,2045.000,664.570,22626.560
2018-10-16,772,25944.400,-1218.550,-641.370,24084.480,2796.000,868.200,27748.680
2018-10-17,684,23160.800,-1165.400,-509.470,21485.930,2561.000,753.490,24800.420
2018-10-18,612,20628.400,-834.510,-787.170,19006.720,2070.000,708.170,21784.890
2018-10-19,1174,46755.000,-7333.900,-795.800,38625.300,4017.500,1542.620,44185.420
2018-10-20,1087,42635.600,-7117.600,-23.400,35494.600,4117.500,1228.210,40840.310
2018-10-21,1017,39020.600,-6077.470,0.000,32943.130,4159.000,1133.060,38235.190
2018-10-22,682,23687.800,-1436.250,-2257.850,19993.700,2358.000,850.900,23202.600
2018-10-23,730,23750.200,-1264.400,-1414.040,21071.760,2584.000,733.590,24389.350
2018-10-24,618,21782.390,-1056.200,-736.470,19989.720,2278.500,634.340,22902.560
2018-10-25,554,19449.800,-847.850,-516.680,18085.270,1929.500,622.310,20637.080
2018-10-26,592,20114.200,-807.000,-648.930,18658.270,2008.000,627.590,21293.860
2018-10-27,584,20122.800,-546.920,0.000,19575.880,2104.500,690.330,22370.710
2018-10-28,647,21534.000,-776.150,-322.900,20434.950,2407.000,603.870,23445.820
2018-10-29,606,21232.000,-913.250,-2170.680,18148.070,1737.000,704.700,20589.770
2018-10-30,508,18094.400,-730.850,-648.080,16715.470,1919.500,611.890,19246.860
2018-10-31,485,16674.370,-788.600,-890.750,14995.020,1870.000,476.620,17341.640
2018-11-01,583,20438.000,-839.350,-791.090,18807.560,2016.000,608.500,21432.060
2018-11-02,596,21011.700,-683.590,-787.050,19541.060,1956.500,736.450,22234.010
2018-11-03,575,19673.200,-679.810,0.000,18993.390,2048.000,616.850,21658.240
2018-11-04,723,24294.900,-867.100,0.000,23427.800,2617.000,854.200,26899.000
2018-11-05,1200,34406.000,-6963.540,-1700.210,25742.250,3547.000,1003.450,30292.700
2018-11-06,1371,36801.200,-7639.040,-880.300,28281.860,4161.000,1095.060,33537.920
2018-11-07,1191,32638.000,-6419.330,-780.500,25438.170,3630.500,1001.640,30070.310
2018-11-08,963,28580.400,-3834.800,-1415.780,23329.820,3099.500,855.260,27284.580
2018-11-09,894,26955.000,-3413.310,-955.650,22586.040,2889.000,802.840,26277.880
2018-11-10,769,25539.600,-2197.290,-33.000,23309.310,2540.000,871.440,26720.750
2018-11-11,924,32702.800,-3372.600,-201.900,29128.300,3326.000,1030.630,33484.930
2018-11-12,685,24206.800,-2475.350,-925.700,20805.750,2237.500,784.950,23828.200
2018-11-13,704,24854.900,-2520.120,-540.520,21794.260,2429.500,710.630,24934.390
2018-11-14,624,23130.600,-2065.690,-521.650,20543.260,2023.000,820.020,23386.280
2018-11-15,565,19625.440,-1858.550,-437.250,17329.640,2045.000,659.230,20033.870
2018-11-16,609,22334.000,-1950.590,-415.560,19967.850,2122.000,690.150,22780.000
2018-11-17,621,21636.600,-990.620,-186.550,20459.430,2106.500,788.480,23354.410
2018-11-18,663,22880.800,-1068.870,0.000,21811.930,2085.000,874.370,24771.300
2018-11-19,1187,47328.700,-10520.560,-1025.900,35782.240,4011.500,1451.730,41245.470
2018-11-20,1135,44973.980,-11172.190,-624.700,33177.090,4316.500,1221.470,38715.060
2018-11-21,1116,45215.000,-11434.810,-646.300,33133.890,4103.500,1090.850,38328.240
2018-11-22,1357,56051.200,-14406.910,-860.510,40783.780,5081.350,1370.260,47235.390
2018-11-23,5058,205202.400,-61295.970,-1028.400,142878.030,18600.000,4997.440,166475.470
2018-11-24,3666,144936.600,-43336.880,-263.890,101335.830,13644.000,3755.920,118735.750
2018-11-25,3149,126277.400,-37846.770,-261.100,88169.530,12190.500,3145.370,103505.400
2018-11-26,4922,207707.300,-72154.630,-1806.790,133745.880,15585.000,5244.500,154575.380
2018-11-27,2441,96990.400,-31220.170,-1537.880,64232.350,8102.000,2625.740,74960.090
2018-11-28,1412,53264.800,-13524.040,-814.900,38925.860,5234.000,1515.450,45675.310
2018-11-29,1072,38576.600,-7584.220,-1321.810,29670.570,4081.000,1030.200,34781.770
2018-11-30,1086,39761.000,-7957.930,-574.020,31229.050,4193.000,1069.880,36491.930
2018-12-01,1058,37833.200,-7732.640,-121.550,29979.010,4403.500,1019.030,35401.540
2018-12-02,1196,41493.600,-8461.160,-189.040,32843.400,4978.000,1144.750,38966.150
2018-12-03,1132,40784.000,-8353.900,-1205.020,31225.080,4611.000,1077.500,36913.580
2018-12-04,1222,44077.100,-9082.100,-1071.370,33923.630,4848.500,1223.840,39995.970
2018-12-05,1175,44340.780,-8959.530,-1410.030,33971.220,4422.500,1254.160,39647.880
2018-12-06,1148,43637.200,-8746.590,-796.770,34093.840,4554.500,1093.520,39741.860
2018-12-07,1202,47765.800,-9916.260,-785.940,37063.600,4432.000,1210.030,42705.630
2018-12-08,1200,44016.200,-8929.190,-22.400,35064.610,4846.000,1212.330,41122.940
2018-12-09,1359,47169.600,-9643.370,-372.300,37153.930,5625.500,1193.070,43972.500
2018-12-10,1255,44750.800,-9071.960,-4412.390,31266.450,4978.500,1173.520,37418.470
2018-12-11,1272,46532.850,-8191.620,-1586.830,36754.400,4461.000,1368.730,42584.130
2018-12-12,1302,48821.800,-9860.760,-1261.810,37699.230,5181.000,1342.970,44223.200
2018-12-13,1225,45822.000,-8461.190,-1242.180,36118.630,4418.500,1329.370,41866.500
2018-12-14,1224,44686.800,-6750.460,-869.280,37067.060,4543.000,1413.400,43023.460
2018-12-15,1543,53469.300,-9628.360,-64.000,43776.940,5744.500,1573.070,51094.510
2018-12-16,1748,57490.600,-11360.160,-587.040,45543.400,6524.000,1692.900,53760.300
2018-12-17,1575,49727.390,-10154.020,-2259.980,37313.390,5948.500,1568.480,44830.370
2018-12-18,1370,46435.400,-8618.530,-1123.080,36693.790,5420.000,1341.690,43455.480
2018-12-19,1187,39837.450,-6854.500,-1625.360,31357.590,4972.500,1230.780,37560.870
2018-12-20,892,31334.750,-4654.570,-1643.510,25036.670,3684.000,844.540,29565.210
2018-12-21,819,28648.200,-3503.190,-1134.160,24010.850,3113.500,850.950,27975.300
2018-12-22,742,27004.800,-3801.190,-120.560,23083.050,3028.000,705.030,26816.080
2018-12-23,761,27898.800,-4196.410,-99.400,23602.990,3134.500,749.230,27486.720
2018-12-24,683,24557.800,-3639.820,-57.600,20860.380,2747.000,676.630,24284.010
2018-12-25,769,25796.400,-3694.820,0.000,22101.580,3120.000,747.450,25969.030
2018-12-26,1502,53608.000,-11447.240,-67.600,42093.160,6163.000,1553.490,49809.650
2018-12-27,1270,43327.900,-8871.350,-2692.940,31763.610,4838.000,1149.210,37750.820
2018-12-28,1132,37128.800,-7308.270,-1479.620,28340.910,4557.000,928.800,33826.710
2018-12-29,1133,36417.400,-7070.330,-44.600,29302.470,4648.000,972.650,34923.120
2018-12-30,1165,38484.600,-7339.130,-219.900,30925.570,4390.500,1014.910,36330.980
2018-12-31,944,32808.600,-5301.510,-1934.400,25572.690,3320.000,922.850,29815.540
2019-01-01,1006,32768.300,-4509.570,-182.320,28076.410,3828.500,889.630,32794.540
2019-01-02,1074,35598.800,-4481.500,-2199.130,28918.170,3931.000,1004.310,33853.480
2019-01-03,952,31829.300,-3898.620,-1947.770,25982.910,3459.500,864.280,30306.690
2019-01-04,1199,41074.600,-6233.110,-1004.650,33836.840,4148.500,1253.480,39238.820
2019-01-05,1032,34545.800,-4673.220,-92.300,29780.280,3792.000,1069.250,34641.530
2019-01-06,1017,34435.600,-4655.350,-148.560,29631.690,3699.000,1071.830,34402.520
2019-01-07,866,28131.800,-3708.220,-1868.960,22554.620,3160.000,803.150,26517.770
2019-01-08,846,29077.100,-3526.320,-1112.510,24438.270,3138.500,915.710,28492.480
2019-01-09,743,26572.600,-2207.540,-1249.990,23115.070,2705.500,896.550,26717.120
2019-01-10,737,23859.600,-1813.820,-878.910,21166.870,2693.000,735.860,24595.730
2019-01-11,810,28004.600,-1870.750,-975.490,25158.360,2982.000,926.310,29066.670
2019-01-12,782,26216.400,-1319.270,-306.630,24590.500,3020.500,805.100,28416.100
2019-01-13,883,29885.000,-2063.160,-44.800,27777.040,3410.000,965.660,32152.700
2019-01-14,679,23775.400,-1709.340,-2323.090,19742.970,2211.500,656.870,22611.340
2019-01-15,747,26512.400,-1579.440,-1612.800,23320.160,2625.500,804.080,26749.740
2019-01-16,769,27899.300,-1858.700,-1010.200,25030.400,2665.500,837.970,28533.870
2019-01-17,737,25368.200,-1759.790,-338.270,23270.140,2597.000,836.630,26703.770
2019-01-18,813,27652.000,-1894.920,-625.600,25131.480,2856.000,1057.390,29044.870
2019-01-19,804,30481.600,-2282.610,0.000,28198.990,2863.000,1445.830,32507.820
2019-01-20,879,30546.800,-1947.540,-168.450,28430.810,3120.500,1297.020,32848.330
2019-01-21,786,27992.000,-1930.190,-2022.560,24039.250,2495.000,1281.650,27815.900
2019-01-22,693,22735.600,-1464.730,-1342.300,19928.570,2515.500,973.750,23417.820
2019-01-23,677,23018.600,-1408.100,-1105.700,20504.800,2297.000,1041.840,23843.640
2019-01-24,686,23524.000,-1432.310,-1115.180,20976.510,2558.500,1056.260,24591.270
2019-01-25,722,24910.000,-1532.700,-1128.410,22248.890,2339.500,1097.960,25686.350
2019-01-26,701,24381.200,-1269.600,-127.520,22984.080,2557.500,1099.490,26641.070
2019-01-27,836,29928.600,-1824.980,-25.350,28078.270,3140.000,1302.410,32520.680
2019-01-28,727,25254.400,-1660.510,-1507.600,22086.290,2514.500,964.910,25565.700
2019-01-29,735,26072.000,-1633.380,-1032.390,23406.230,2715.500,1003.260,27124.990
2019-01-30,799,28338.000,-1738.760,-1496.630,25102.610,2800.500,1179.870,29082.980
2019-01-31,731,26000.400,-1509.980,-1396.240,23094.180,2687.000,1016.500,26797.680
2019-02-01,1562,54240.300,-10040.970,-1044.930,43154.400,5856.000,1989.600,51000.000
2019-02-02,1555,56900.000,-11612.930,-53.020,45234.050,6218.000,2049.570,53501.620
2019-02-03,2071,75017.000,-16156.790,-411.190,58449.020,7968.500,2625.070,69042.590
2019-02-04,1237,45767.600,-7680.080,-1979.280,36108.240,4434.500,1643.900,42186.640
2019-02-05,939,32892.100,-3263.340,-1963.220,27665.540,3212.500,1420.340,32298.380
2019-02-06,896,31471.400,-2490.130,-1063.050,27918.220,3057.000,1339.700,32314.920
2019-02-07,860,30740.600,-2446.750,-721.620,27572.230,2939.500,1323.620,31835.350
2019-02-08,848,29203.400,-1695.910,-1317.110,26190.380,2866.500,1327.060,30383.940
2019-02-09,771,26674.800,-1089.330,-66.500,25518.970,2706.000,1507.610,29732.580
2019-02-10,878,29751.400,-1708.840,-132.060,27910.500,3404.000,1573.270,32887.770
2019-02-11,782,27695.500,-1595.400,-1479.880,24620.220,2669.000,1460.360,28749.580
2019-02-12,811,28492.730,-1978.530,-2072.620,24441.580,3003.500,1391.050,28836.130
2019-02-13,768,27374.200,-1731.560,-1391.510,24251.130,2758.500,1414.620,28424.250
2019-02-14,876,29682.500,-2583.710,-1146.140,25952.650,3043.500,1477.790,30473.940
2019-02-15,1858,48514.200,-12001.120,-1361.990,35151.090,6075.500,2202.360,43428.950
2019-02-16,1468,41715.600,-8120.950,-299.500,33295.150,4936.000,2054.130,40285.280
2019-02-17,1466,41571.800,-8094.050,-205.600,33272.150,4843.000,2034.440,40149.590
2019-02-18,1197,34805.000,-5227.710,-26.000,29551.290,3875.500,1786.220,35213.010
2019-02-19,1125,33803.000,-4877.670,-1705.100,27220.230,3858.000,1733.810,32812.040
2019-02-20,861,29032.630,-2576.410,-1069.860,25386.360,2748.000,1550.840,29685.200
2019-02-21,841,28316.900,-1990.520,-748.940,25577.440,2826.000,1514.590,29918.030
2019-02-22,793,27675.800,-1760.280,-1307.760,24607.760,2514.000,1498.360,28620.120
2019-02-23,766,26423.000,-1605.620,-595.650,24221.730,2602.500,1393.440,28217.670
2019-02-24,765,27023.400,-1560.000,-72.400,25391.000,2593.500,1506.840,29491.340
2019-02-25,688,24004.600,-1556.100,-1220.520,21227.980,2324.500,1310.760,24863.240
2019-02-26,710,25017.400,-1795.000,-661.850,22560.550,2360.000,1382.640,26303.190
2019-02-27,718,24144.400,-1324.440,-1412.310,21407.650,2421.500,1314.720,25143.870
2019-02-28,689,23504.800,-1338.390,-870.910,21295.500,2355.000,1263.010,24913.510
2019-03-01,753,27179.800,-1391.410,-857.850,24930.540,2547.500,1486.290,28964.330
2019-03-02,843,30116.400,-1465.260,-52.000,28599.140,2641.000,1570.120,32810.260
2019-03-03,858,29375.800,-1601.830,-28.000,27745.970,2901.000,1606.830,32253.800
2019-03-04,830,29807.600,-1646.790,-2023.330,26137.480,2762.500,1574.170,30474.150
2019-03-05,753,27178.000,-1836.060,-1404.190,23937.750,2494.500,1347.030,27779.280
2019-03-06,716,25623.000,-1505.390,-1020.110,23097.500,2456.000,1356.460,26909.960
2019-03-07,712,25469.400,-1493.330,-723.270,23252.800,2520.000,1384.850,27157.650
2019-03-08,746,27568.600,-1462.970,-568.090,25537.540,2424.500,1479.340,29441.380
2019-03-09,706,24681.800,-1277.990,-51.110,23352.700,2519.000,1318.460,27190.160
2019-03-10,1028,40196.600,-5537.060,-23.400,34636.140,3679.500,1975.460,40291.100
2019-03-11,928,35591.750,-5101.760,-1491.040,28998.950,3201.000,1728.120,33928.070
2019-03-12,908,34940.800,-5319.950,-1219.050,28401.800,3335.500,1554.210,33291.510
2019-03-13,893,35254.800,-5271.160,-1006.690,28976.950,3341.000,1615.460,33933.410
2019-03-14,817,31820.400,-4743.160,-830.490,26246.750,2953.500,1513.050,30713.300
2019-03-15,909,35694.000,-5525.650,-853.810,29314.540,3268.000,1693.570,34276.110
2019-03-16,811,30646.800,-4697.600,-23.400,25925.800,3023.500,1404.550,30353.850
2019-03-17,918,35391.600,-5285.650,-65.000,30040.950,3557.500,1651.010,35249.460
2019-03-18,710,24771.400,-2784.800,-1936.420,20050.180,2364.000,1223.770,23637.950
2019-03-19,767,27886.300,-2131.850,-1073.150,24681.300,2669.000,1353.690,28703.990
2019-03-20,664,22772.800,-1297.570,-957.360,20517.870,2316.000,1177.450,24011.320
2019-03-21,734,26512.600,-1833.750,-1518.730,23160.120,2618.500,1398.780,27177.400
2019-03-22,627,21190.800,-1212.170,-798.260,19180.370,2145.500,1105.410,22431.280
2019-03-23,719,25203.800,-1484.570,0.000,23719.230,2607.000,1360.250,27686.480
2019-03-24,751,26073.000,-1869.300,-229.400,23974.300,2729.000,1357.840,28061.140
2019-03-25,696,23958.600,-1563.700,-1196.960,21197.940,2526.500,1294.540,25018.980
2019-03-26,825,29335.000,-2573.350,-718.700,26042.950,3113.000,1398.670,30554.620
2019-03-27,1734,43818.600,-11318.040,-3720.990,28779.570,5764.000,2003.180,36546.750
2019-03-28,1628,42711.600,-10849.120,-816.240,31046.240,5550.500,1908.360,38505.100
2019-03-29,1438,42717.200,-7808.800,-1097.770,33810.630,4876.500,1989.290,40676.420
2019-03-30,1297,38897.600,-6967.850,-26.000,31903.750,4276.000,2022.930,38202.680
2019-03-31,961,33380.400,-3225.080,0.000,30155.320,3519.000,1806.620,35480.940
